fold,label_fraction,split,stratum,users,fraction,overall_users,overall_fraction,abs_frac_diff
0,0.05,overall,light,79,0.15520628683693516,79,0.15520628683693516,0.0
0,0.05,overall,dark,132,0.2593320235756385,132,0.2593320235756385,0.0
0,0.05,overall,unlabeled,169,0.3320235756385069,169,0.3320235756385069,0.0
0,0.05,overall,medium,129,0.25343811394891946,129,0.25343811394891946,0.0
0,0.05,train_pool,light,62,0.15233415233415235,79,0.15520628683693516,0.002872134502782814
0,0.05,train_pool,dark,108,0.26535626535626533,132,0.2593320235756385,0.006024241780626827
0,0.05,train_pool,unlabeled,133,0.32678132678132676,169,0.3320235756385069,0.00524224885718011
0,0.05,train_pool,medium,104,0.25552825552825553,129,0.25343811394891946,0.002090141579336069
0,0.05,train_fraction,light,3,0.15,79,0.15520628683693516,0.0052062868369351645
0,0.05,train_fraction,dark,8,0.4,132,0.2593320235756385,0.14066797642436152
0,0.05,train_fraction,unlabeled,6,0.3,169,0.3320235756385069,0.032023575638506885
0,0.05,train_fraction,medium,3,0.15,129,0.25343811394891946,0.10343811394891947
0,0.05,val,light,17,0.16666666666666666,79,0.15520628683693516,0.011460379829731498
0,0.05,val,dark,24,0.23529411764705882,132,0.2593320235756385,0.024037905928579684
0,0.05,val,unlabeled,36,0.35294117647058826,169,0.3320235756385069,0.020917600832081384
0,0.05,val,medium,25,0.24509803921568626,129,0.25343811394891946,0.0083400747332332
0,0.10,overall,light,79,0.15520628683693516,79,0.15520628683693516,0.0
0,0.10,overall,dark,132,0.2593320235756385,132,0.2593320235756385,0.0
0,0.10,overall,unlabeled,169,0.3320235756385069,169,0.3320235756385069,0.0
0,0.10,overall,medium,129,0.25343811394891946,129,0.25343811394891946,0.0
0,0.10,train_pool,light,62,0.15233415233415235,79,0.15520628683693516,0.002872134502782814
0,0.10,train_pool,dark,108,0.26535626535626533,132,0.2593320235756385,0.006024241780626827
0,0.10,train_pool,unlabeled,133,0.32678132678132676,169,0.3320235756385069,0.00524224885718011
0,0.10,train_pool,medium,104,0.25552825552825553,129,0.25343811394891946,0.002090141579336069
0,0.10,train_fraction,light,8,0.1951219512195122,79,0.15520628683693516,0.03991566438257704
0,0.10,train_fraction,dark,9,0.21951219512195122,132,0.2593320235756385,0.039819828453687284
0,0.10,train_fraction,unlabeled,16,0.3902439024390244,169,0.3320235756385069,0.05822032680051753
0,0.10,train_fraction,medium,8,0.1951219512195122,129,0.25343811394891946,0.05831616272940726
0,0.10,val,light,17,0.16666666666666666,79,0.15520628683693516,0.011460379829731498
0,0.10,val,dark,24,0.23529411764705882,132,0.2593320235756385,0.024037905928579684
0,0.10,val,unlabeled,36,0.35294117647058826,169,0.3320235756385069,0.020917600832081384
0,0.10,val,medium,25,0.24509803921568626,129,0.25343811394891946,0.0083400747332332
0,0.25,overall,light,79,0.15520628683693516,79,0.15520628683693516,0.0
0,0.25,overall,dark,132,0.2593320235756385,132,0.2593320235756385,0.0
0,0.25,overall,unlabeled,169,0.3320235756385069,169,0.3320235756385069,0.0
0,0.25,overall,medium,129,0.25343811394891946,129,0.25343811394891946,0.0
0,0.25,train_pool,light,62,0.15233415233415235,79,0.15520628683693516,0.002872134502782814
0,0.25,train_pool,dark,108,0.26535626535626533,132,0.2593320235756385,0.006024241780626827
0,0.25,train_pool,unlabeled,133,0.32678132678132676,169,0.3320235756385069,0.00524224885718011
0,0.25,train_pool,medium,104,0.25552825552825553,129,0.25343811394891946,0.002090141579336069
0,0.25,train_fraction,light,18,0.17647058823529413,79,0.15520628683693516,0.02126430139835897
0,0.25,train_fraction,dark,30,0.29411764705882354,132,0.2593320235756385,0.034785623483185035
0,0.25,train_fraction,unlabeled,28,0.27450980392156865,169,0.3320235756385069,0.05751377171693822
0,0.25,train_fraction,medium,26,0.2549019607843137,129,0.25343811394891946,0.0014638468353942446
0,0.25,val,light,17,0.16666666666666666,79,0.15520628683693516,0.011460379829731498
0,0.25,val,dark,24,0.23529411764705882,132,0.2593320235756385,0.024037905928579684
0,0.25,val,unlabeled,36,0.35294117647058826,169,0.3320235756385069,0.020917600832081384
0,0.25,val,medium,25,0.24509803921568626,129,0.25343811394891946,0.0083400747332332
0,0.50,overall,light,79,0.15520628683693516,79,0.15520628683693516,0.0
0,0.50,overall,dark,132,0.2593320235756385,132,0.2593320235756385,0.0
0,0.50,overall,unlabeled,169,0.3320235756385069,169,0.3320235756385069,0.0
0,0.50,overall,medium,129,0.25343811394891946,129,0.25343811394891946,0.0
0,0.50,train_pool,light,62,0.15233415233415235,79,0.15520628683693516,0.002872134502782814
0,0.50,train_pool,dark,108,0.26535626535626533,132,0.2593320235756385,0.006024241780626827
0,0.50,train_pool,unlabeled,133,0.32678132678132676,169,0.3320235756385069,0.00524224885718011
0,0.50,train_pool,medium,104,0.25552825552825553,129,0.25343811394891946,0.002090141579336069
0,0.50,train_fraction,light,32,0.1568627450980392,79,0.15520628683693516,0.0016564582611040546
0,0.50,train_fraction,dark,53,0.25980392156862747,132,0.2593320235756385,0.00047189799298896773
0,0.50,train_fraction,unlabeled,67,0.3284313725490196,169,0.3320235756385069,0.003592203089487267
0,0.50,train_fraction,medium,52,0.2549019607843137,129,0.25343811394891946,0.0014638468353942446
0,0.50,val,light,17,0.16666666666666666,79,0.15520628683693516,0.011460379829731498
0,0.50,val,dark,24,0.23529411764705882,132,0.2593320235756385,0.024037905928579684
0,0.50,val,unlabeled,36,0.35294117647058826,169,0.3320235756385069,0.020917600832081384
0,0.50,val,medium,25,0.24509803921568626,129,0.25343811394891946,0.0083400747332332
0,1.00,overall,light,79,0.15520628683693516,79,0.15520628683693516,0.0
0,1.00,overall,dark,132,0.2593320235756385,132,0.2593320235756385,0.0
0,1.00,overall,unlabeled,169,0.3320235756385069,169,0.3320235756385069,0.0
0,1.00,overall,medium,129,0.25343811394891946,129,0.25343811394891946,0.0
0,1.00,train_pool,light,62,0.15233415233415235,79,0.15520628683693516,0.002872134502782814
0,1.00,train_pool,dark,108,0.26535626535626533,132,0.2593320235756385,0.006024241780626827
0,1.00,train_pool,unlabeled,133,0.32678132678132676,169,0.3320235756385069,0.00524224885718011
0,1.00,train_pool,medium,104,0.25552825552825553,129,0.25343811394891946,0.002090141579336069
0,1.00,train_fraction,light,62,0.15233415233415235,79,0.15520628683693516,0.002872134502782814
0,1.00,train_fraction,dark,108,0.26535626535626533,132,0.2593320235756385,0.006024241780626827
0,1.00,train_fraction,unlabeled,133,0.32678132678132676,169,0.3320235756385069,0.00524224885718011
0,1.00,train_fraction,medium,104,0.25552825552825553,129,0.25343811394891946,0.002090141579336069
0,1.00,val,light,17,0.16666666666666666,79,0.15520628683693516,0.011460379829731498
0,1.00,val,dark,24,0.23529411764705882,132,0.2593320235756385,0.024037905928579684
0,1.00,val,unlabeled,36,0.35294117647058826,169,0.3320235756385069,0.020917600832081384
0,1.00,val,medium,25,0.24509803921568626,129,0.25343811394891946,0.0083400747332332
1,0.05,overall,light,79,0.15520628683693516,79,0.15520628683693516,0.0
1,0.05,overall,dark,132,0.2593320235756385,132,0.2593320235756385,0.0
1,0.05,overall,unlabeled,169,0.3320235756385069,169,0.3320235756385069,0.0
1,0.05,overall,medium,129,0.25343811394891946,129,0.25343811394891946,0.0
1,0.05,train_pool,light,62,0.15233415233415235,79,0.15520628683693516,0.002872134502782814
1,0.05,train_pool,dark,108,0.26535626535626533,132,0.2593320235756385,0.006024241780626827
1,0.05,train_pool,unlabeled,133,0.32678132678132676,169,0.3320235756385069,0.00524224885718011
1,0.05,train_pool,medium,104,0.25552825552825553,129,0.25343811394891946,0.002090141579336069
1,0.05,train_fraction,light,1,0.05,79,0.15520628683693516,0.10520628683693516
1,0.05,train_fraction,dark,4,0.2,132,0.2593320235756385,0.05933202357563849
1,0.05,train_fraction,unlabeled,8,0.4,169,0.3320235756385069,0.06797642436149315
1,0.05,train_fraction,medium,7,0.35,129,0.25343811394891946,0.09656188605108051
1,0.05,val,light,17,0.16666666666666666,79,0.15520628683693516,0.011460379829731498
1,0.05,val,dark,24,0.23529411764705882,132,0.2593320235756385,0.024037905928579684
1,0.05,val,unlabeled,36,0.35294117647058826,169,0.3320235756385069,0.020917600832081384
1,0.05,val,medium,25,0.24509803921568626,129,0.25343811394891946,0.0083400747332332
1,0.10,overall,light,79,0.15520628683693516,79,0.15520628683693516,0.0
1,0.10,overall,dark,132,0.2593320235756385,132,0.2593320235756385,0.0
1,0.10,overall,unlabeled,169,0.3320235756385069,169,0.3320235756385069,0.0
1,0.10,overall,medium,129,0.25343811394891946,129,0.25343811394891946,0.0
1,0.10,train_pool,light,62,0.15233415233415235,79,0.15520628683693516,0.002872134502782814
1,0.10,train_pool,dark,108,0.26535626535626533,132,0.2593320235756385,0.006024241780626827
1,0.10,train_pool,unlabeled,133,0.32678132678132676,169,0.3320235756385069,0.00524224885718011
1,0.10,train_pool,medium,104,0.25552825552825553,129,0.25343811394891946,0.002090141579336069
1,0.10,train_fraction,light,2,0.04878048780487805,79,0.15520628683693516,0.10642579903205711
1,0.10,train_fraction,dark,13,0.3170731707317073,132,0.2593320235756385,0.05774114715606882
1,0.10,train_fraction,unlabeled,17,0.4146341463414634,169,0.3320235756385069,0.08261057070295652
1,0.10,train_fraction,medium,9,0.21951219512195122,129,0.25343811394891946,0.03392591882696824
1,0.10,val,light,17,0.16666666666666666,79,0.15520628683693516,0.011460379829731498
1,0.10,val,dark,24,0.23529411764705882,132,0.2593320235756385,0.024037905928579684
1,0.10,val,unlabeled,36,0.35294117647058826,169,0.3320235756385069,0.020917600832081384
1,0.10,val,medium,25,0.24509803921568626,129,0.25343811394891946,0.0083400747332332
1,0.25,overall,light,79,0.15520628683693516,79,0.15520628683693516,0.0
1,0.25,overall,dark,132,0.2593320235756385,132,0.2593320235756385,0.0
1,0.25,overall,unlabeled,169,0.3320235756385069,169,0.3320235756385069,0.0
1,0.25,overall,medium,129,0.25343811394891946,129,0.25343811394891946,0.0
1,0.25,train_pool,light,62,0.15233415233415235,79,0.15520628683693516,0.002872134502782814
1,0.25,train_pool,dark,108,0.26535626535626533,132,0.2593320235756385,0.006024241780626827
1,0.25,train_pool,unlabeled,133,0.32678132678132676,169,0.3320235756385069,0.00524224885718011
1,0.25,train_pool,medium,104,0.25552825552825553,129,0.25343811394891946,0.002090141579336069
1,0.25,train_fraction,light,18,0.17647058823529413,79,0.15520628683693516,0.02126430139835897
1,0.25,train_fraction,dark,29,0.28431372549019607,132,0.2593320235756385,0.024981701914557564
1,0.25,train_fraction,unlabeled,29,0.28431372549019607,169,0.3320235756385069,0.047709850148310806
1,0.25,train_fraction,medium,26,0.2549019607843137,129,0.25343811394891946,0.0014638468353942446
1,0.25,val,light,17,0.16666666666666666,79,0.15520628683693516,0.011460379829731498
1,0.25,val,dark,24,0.23529411764705882,132,0.2593320235756385,0.024037905928579684
1,0.25,val,unlabeled,36,0.35294117647058826,169,0.3320235756385069,0.020917600832081384
1,0.25,val,medium,25,0.24509803921568626,129,0.25343811394891946,0.0083400747332332
1,0.50,overall,light,79,0.15520628683693516,79,0.15520628683693516,0.0
1,0.50,overall,dark,132,0.2593320235756385,132,0.2593320235756385,0.0
1,0.50,overall,unlabeled,169,0.3320235756385069,169,0.3320235756385069,0.0
1,0.50,overall,medium,129,0.25343811394891946,129,0.25343811394891946,0.0
1,0.50,train_pool,light,62,0.15233415233415235,79,0.15520628683693516,0.002872134502782814
1,0.50,train_pool,dark,108,0.26535626535626533,132,0.2593320235756385,0.006024241780626827
1,0.50,train_pool,unlabeled,133,0.32678132678132676,169,0.3320235756385069,0.00524224885718011
1,0.50,train_pool,medium,104,0.25552825552825553,129,0.25343811394891946,0.002090141579336069
1,0.50,train_fraction,light,32,0.1568627450980392,79,0.15520628683693516,0.0016564582611040546
1,0.50,train_fraction,dark,53,0.25980392156862747,132,0.2593320235756385,0.00047189799298896773
1,0.50,train_fraction,unlabeled,66,0.3235294117647059,169,0.3320235756385069,0.008494163873800975
1,0.50,train_fraction,medium,53,0.25980392156862747,129,0.25343811394891946,0.006365807619708008
1,0.50,val,light,17,0.16666666666666666,79,0.15520628683693516,0.011460379829731498
1,0.50,val,dark,24,0.23529411764705882,132,0.2593320235756385,0.024037905928579684
1,0.50,val,unlabeled,36,0.35294117647058826,169,0.3320235756385069,0.020917600832081384
1,0.50,val,medium,25,0.24509803921568626,129,0.25343811394891946,0.0083400747332332
1,1.00,overall,light,79,0.15520628683693516,79,0.15520628683693516,0.0
1,1.00,overall,dark,132,0.2593320235756385,132,0.2593320235756385,0.0
1,1.00,overall,unlabeled,169,0.3320235756385069,169,0.3320235756385069,0.0
1,1.00,overall,medium,129,0.25343811394891946,129,0.25343811394891946,0.0
1,1.00,train_pool,light,62,0.15233415233415235,79,0.15520628683693516,0.002872134502782814
1,1.00,train_pool,dark,108,0.26535626535626533,132,0.2593320235756385,0.006024241780626827
1,1.00,train_pool,unlabeled,133,0.32678132678132676,169,0.3320235756385069,0.00524224885718011
1,1.00,train_pool,medium,104,0.25552825552825553,129,0.25343811394891946,0.002090141579336069
1,1.00,train_fraction,light,62,0.15233415233415235,79,0.15520628683693516,0.002872134502782814
1,1.00,train_fraction,dark,108,0.26535626535626533,132,0.2593320235756385,0.006024241780626827
1,1.00,train_fraction,unlabeled,133,0.32678132678132676,169,0.3320235756385069,0.00524224885718011
1,1.00,train_fraction,medium,104,0.25552825552825553,129,0.25343811394891946,0.002090141579336069
1,1.00,val,light,17,0.16666666666666666,79,0.15520628683693516,0.011460379829731498
1,1.00,val,dark,24,0.23529411764705882,132,0.2593320235756385,0.024037905928579684
1,1.00,val,unlabeled,36,0.35294117647058826,169,0.3320235756385069,0.020917600832081384
1,1.00,val,medium,25,0.24509803921568626,129,0.25343811394891946,0.0083400747332332
2,0.05,overall,light,79,0.15520628683693516,79,0.15520628683693516,0.0
2,0.05,overall,dark,132,0.2593320235756385,132,0.2593320235756385,0.0
2,0.05,overall,unlabeled,169,0.3320235756385069,169,0.3320235756385069,0.0
2,0.05,overall,medium,129,0.25343811394891946,129,0.25343811394891946,0.0
2,0.05,train_pool,light,64,0.15724815724815724,79,0.15520628683693516,0.0020418704112220853
2,0.05,train_pool,dark,111,0.2727272727272727,132,0.2593320235756385,0.013395249151634203
2,0.05,train_pool,unlabeled,139,0.3415233415233415,169,0.3320235756385069,0.009499765884834643
2,0.05,train_pool,medium,93,0.2285012285012285,129,0.25343811394891946,0.02493688544769096
2,0.05,train_fraction,light,4,0.2,79,0.15520628683693516,0.04479371316306485
2,0.05,train_fraction,dark,5,0.25,132,0.2593320235756385,0.009332023575638504
2,0.05,train_fraction,unlabeled,7,0.35,169,0.3320235756385069,0.017976424361493104
2,0.05,train_fraction,medium,4,0.2,129,0.25343811394891946,0.05343811394891945
2,0.05,val,light,15,0.14705882352941177,79,0.15520628683693516,0.00814746330752339
2,0.05,val,dark,21,0.20588235294117646,132,0.2593320235756385,0.05344967063446204
2,0.05,val,unlabeled,30,0.29411764705882354,169,0.3320235756385069,0.037905928579683335
2,0.05,val,medium,36,0.35294117647058826,129,0.25343811394891946,0.0995030625216688
2,0.10,overall,light,79,0.15520628683693516,79,0.15520628683693516,0.0
2,0.10,overall,dark,132,0.2593320235756385,132,0.2593320235756385,0.0
2,0.10,overall,unlabeled,169,0.3320235756385069,169,0.3320235756385069,0.0
2,0.10,overall,medium,129,0.25343811394891946,129,0.25343811394891946,0.0
2,0.10,train_pool,light,64,0.15724815724815724,79,0.15520628683693516,0.0020418704112220853
2,0.10,train_pool,dark,111,0.2727272727272727,132,0.2593320235756385,0.013395249151634203
2,0.10,train_pool,unlabeled,139,0.3415233415233415,169,0.3320235756385069,0.009499765884834643
2,0.10,train_pool,medium,93,0.2285012285012285,129,0.25343811394891946,0.02493688544769096
2,0.10,train_fraction,light,4,0.0975609756097561,79,0.15520628683693516,0.05764531122717906
2,0.10,train_fraction,dark,17,0.4146341463414634,132,0.2593320235756385,0.1553021227658249
2,0.10,train_fraction,unlabeled,10,0.24390243902439024,169,0.3320235756385069,0.08812113661411664
2,0.10,train_fraction,medium,10,0.24390243902439024,129,0.25343811394891946,0.009535674924529225
2,0.10,val,light,15,0.14705882352941177,79,0.15520628683693516,0.00814746330752339
2,0.10,val,dark,21,0.20588235294117646,132,0.2593320235756385,0.05344967063446204
2,0.10,val,unlabeled,30,0.29411764705882354,169,0.3320235756385069,0.037905928579683335
2,0.10,val,medium,36,0.35294117647058826,129,0.25343811394891946,0.0995030625216688
2,0.25,overall,light,79,0.15520628683693516,79,0.15520628683693516,0.0
2,0.25,overall,dark,132,0.2593320235756385,132,0.2593320235756385,0.0
2,0.25,overall,unlabeled,169,0.3320235756385069,169,0.3320235756385069,0.0
2,0.25,overall,medium,129,0.25343811394891946,129,0.25343811394891946,0.0
2,0.25,train_pool,light,64,0.15724815724815724,79,0.15520628683693516,0.0020418704112220853
2,0.25,train_pool,dark,111,0.2727272727272727,132,0.2593320235756385,0.013395249151634203
2,0.25,train_pool,unlabeled,139,0.3415233415233415,169,0.3320235756385069,0.009499765884834643
2,0.25,train_pool,medium,93,0.2285012285012285,129,0.25343811394891946,0.02493688544769096
2,0.25,train_fraction,light,17,0.16666666666666666,79,0.15520628683693516,0.011460379829731498
2,0.25,train_fraction,dark,31,0.30392156862745096,132,0.2593320235756385,0.04458954505181245
2,0.25,train_fraction,unlabeled,30,0.29411764705882354,169,0.3320235756385069,0.037905928579683335
2,0.25,train_fraction,medium,24,0.23529411764705882,129,0.25343811394891946,0.018143996301860643
2,0.25,val,light,15,0.14705882352941177,79,0.15520628683693516,0.00814746330752339
2,0.25,val,dark,21,0.20588235294117646,132,0.2593320235756385,0.05344967063446204
2,0.25,val,unlabeled,30,0.29411764705882354,169,0.3320235756385069,0.037905928579683335
2,0.25,val,medium,36,0.35294117647058826,129,0.25343811394891946,0.0995030625216688
2,0.50,overall,light,79,0.15520628683693516,79,0.15520628683693516,0.0
2,0.50,overall,dark,132,0.2593320235756385,132,0.2593320235756385,0.0
2,0.50,overall,unlabeled,169,0.3320235756385069,169,0.3320235756385069,0.0
2,0.50,overall,medium,129,0.25343811394891946,129,0.25343811394891946,0.0
2,0.50,train_pool,light,64,0.15724815724815724,79,0.15520628683693516,0.0020418704112220853
2,0.50,train_pool,dark,111,0.2727272727272727,132,0.2593320235756385,0.013395249151634203
2,0.50,train_pool,unlabeled,139,0.3415233415233415,169,0.3320235756385069,0.009499765884834643
2,0.50,train_pool,medium,93,0.2285012285012285,129,0.25343811394891946,0.02493688544769096
2,0.50,train_fraction,light,33,0.16176470588235295,79,0.15520628683693516,0.00655841904541779
2,0.50,train_fraction,dark,54,0.2647058823529412,132,0.2593320235756385,0.005373858777302676
2,0.50,train_fraction,unlabeled,68,0.3333333333333333,169,0.3320235756385069,0.0013097576948264411
2,0.50,train_fraction,medium,49,0.24019607843137256,129,0.25343811394891946,0.013242035517546907
2,0.50,val,light,15,0.14705882352941177,79,0.15520628683693516,0.00814746330752339
2,0.50,val,dark,21,0.20588235294117646,132,0.2593320235756385,0.05344967063446204
2,0.50,val,unlabeled,30,0.29411764705882354,169,0.3320235756385069,0.037905928579683335
2,0.50,val,medium,36,0.35294117647058826,129,0.25343811394891946,0.0995030625216688
2,1.00,overall,light,79,0.15520628683693516,79,0.15520628683693516,0.0
2,1.00,overall,dark,132,0.2593320235756385,132,0.2593320235756385,0.0
2,1.00,overall,unlabeled,169,0.3320235756385069,169,0.3320235756385069,0.0
2,1.00,overall,medium,129,0.25343811394891946,129,0.25343811394891946,0.0
2,1.00,train_pool,light,64,0.15724815724815724,79,0.15520628683693516,0.0020418704112220853
2,1.00,train_pool,dark,111,0.2727272727272727,132,0.2593320235756385,0.013395249151634203
2,1.00,train_pool,unlabeled,139,0.3415233415233415,169,0.3320235756385069,0.009499765884834643
2,1.00,train_pool,medium,93,0.2285012285012285,129,0.25343811394891946,0.02493688544769096
2,1.00,train_fraction,light,64,0.15724815724815724,79,0.15520628683693516,0.0020418704112220853
2,1.00,train_fraction,dark,111,0.2727272727272727,132,0.2593320235756385,0.013395249151634203
2,1.00,train_fraction,unlabeled,139,0.3415233415233415,169,0.3320235756385069,0.009499765884834643
2,1.00,train_fraction,medium,93,0.2285012285012285,129,0.25343811394891946,0.02493688544769096
2,1.00,val,light,15,0.14705882352941177,79,0.15520628683693516,0.00814746330752339
2,1.00,val,dark,21,0.20588235294117646,132,0.2593320235756385,0.05344967063446204
2,1.00,val,unlabeled,30,0.29411764705882354,169,0.3320235756385069,0.037905928579683335
2,1.00,val,medium,36,0.35294117647058826,129,0.25343811394891946,0.0995030625216688
3,0.05,overall,light,79,0.15520628683693516,79,0.15520628683693516,0.0
3,0.05,overall,dark,132,0.2593320235756385,132,0.2593320235756385,0.0
3,0.05,overall,unlabeled,169,0.3320235756385069,169,0.3320235756385069,0.0
3,0.05,overall,medium,129,0.25343811394891946,129,0.25343811394891946,0.0
3,0.05,train_pool,light,63,0.1547911547911548,79,0.15520628683693516,0.0004151320457803642
3,0.05,train_pool,dark,100,0.2457002457002457,132,0.2593320235756385,0.013631777875392798
3,0.05,train_pool,unlabeled,138,0.33906633906633904,169,0.3320235756385069,0.007042763427832166
3,0.05,train_pool,medium,106,0.26044226044226043,129,0.25343811394891946,0.007004146493340968
3,0.05,train_fraction,light,1,0.05,79,0.15520628683693516,0.10520628683693516
3,0.05,train_fraction,dark,1,0.05,132,0.2593320235756385,0.20933202357563852
3,0.05,train_fraction,unlabeled,7,0.35,169,0.3320235756385069,0.017976424361493104
3,0.05,train_fraction,medium,11,0.55,129,0.25343811394891946,0.2965618860510806
3,0.05,val,light,16,0.1568627450980392,79,0.15520628683693516,0.0016564582611040546
3,0.05,val,dark,32,0.3137254901960784,132,0.2593320235756385,0.05439346662043992
3,0.05,val,unlabeled,31,0.30392156862745096,169,0.3320235756385069,0.02810200701105592
3,0.05,val,medium,23,0.22549019607843138,129,0.25343811394891946,0.027947917870488087
3,0.10,overall,light,79,0.15520628683693516,79,0.15520628683693516,0.0
3,0.10,overall,dark,132,0.2593320235756385,132,0.2593320235756385,0.0
3,0.10,overall,unlabeled,169,0.3320235756385069,169,0.3320235756385069,0.0
3,0.10,overall,medium,129,0.25343811394891946,129,0.25343811394891946,0.0
3,0.10,train_pool,light,63,0.1547911547911548,79,0.15520628683693516,0.0004151320457803642
3,0.10,train_pool,dark,100,0.2457002457002457,132,0.2593320235756385,0.013631777875392798
3,0.10,train_pool,unlabeled,138,0.33906633906633904,169,0.3320235756385069,0.007042763427832166
3,0.10,train_pool,medium,106,0.26044226044226043,129,0.25343811394891946,0.007004146493340968
3,0.10,train_fraction,light,5,0.12195121951219512,79,0.15520628683693516,0.03325506732474004
3,0.10,train_fraction,dark,11,0.2682926829268293,132,0.2593320235756385,0.00896065935119078
3,0.10,train_fraction,unlabeled,13,0.3170731707317073,169,0.3320235756385069,0.014950404906799553
3,0.10,train_fraction,medium,12,0.2926829268292683,129,0.25343811394891946,0.03924481288034881
3,0.10,val,light,16,0.1568627450980392,79,0.15520628683693516,0.0016564582611040546
3,0.10,val,dark,32,0.3137254901960784,132,0.2593320235756385,0.05439346662043992
3,0.10,val,unlabeled,31,0.30392156862745096,169,0.3320235756385069,0.02810200701105592
3,0.10,val,medium,23,0.22549019607843138,129,0.25343811394891946,0.027947917870488087
3,0.25,overall,light,79,0.15520628683693516,79,0.15520628683693516,0.0
3,0.25,overall,dark,132,0.2593320235756385,132,0.2593320235756385,0.0
3,0.25,overall,unlabeled,169,0.3320235756385069,169,0.3320235756385069,0.0
3,0.25,overall,medium,129,0.25343811394891946,129,0.25343811394891946,0.0
3,0.25,train_pool,light,63,0.1547911547911548,79,0.15520628683693516,0.0004151320457803642
3,0.25,train_pool,dark,100,0.2457002457002457,132,0.2593320235756385,0.013631777875392798
3,0.25,train_pool,unlabeled,138,0.33906633906633904,169,0.3320235756385069,0.007042763427832166
3,0.25,train_pool,medium,106,0.26044226044226043,129,0.25343811394891946,0.007004146493340968
3,0.25,train_fraction,light,17,0.16666666666666666,79,0.15520628683693516,0.011460379829731498
3,0.25,train_fraction,dark,27,0.2647058823529412,132,0.2593320235756385,0.005373858777302676
3,0.25,train_fraction,unlabeled,31,0.30392156862745096,169,0.3320235756385069,0.02810200701105592
3,0.25,train_fraction,medium,27,0.2647058823529412,129,0.25343811394891946,0.011267768404021716
3,0.25,val,light,16,0.1568627450980392,79,0.15520628683693516,0.0016564582611040546
3,0.25,val,dark,32,0.3137254901960784,132,0.2593320235756385,0.05439346662043992
3,0.25,val,unlabeled,31,0.30392156862745096,169,0.3320235756385069,0.02810200701105592
3,0.25,val,medium,23,0.22549019607843138,129,0.25343811394891946,0.027947917870488087
3,0.50,overall,light,79,0.15520628683693516,79,0.15520628683693516,0.0
3,0.50,overall,dark,132,0.2593320235756385,132,0.2593320235756385,0.0
3,0.50,overall,unlabeled,169,0.3320235756385069,169,0.3320235756385069,0.0
3,0.50,overall,medium,129,0.25343811394891946,129,0.25343811394891946,0.0
3,0.50,train_pool,light,63,0.1547911547911548,79,0.15520628683693516,0.0004151320457803642
3,0.50,train_pool,dark,100,0.2457002457002457,132,0.2593320235756385,0.013631777875392798
3,0.50,train_pool,unlabeled,138,0.33906633906633904,169,0.3320235756385069,0.007042763427832166
3,0.50,train_pool,medium,106,0.26044226044226043,129,0.25343811394891946,0.007004146493340968
3,0.50,train_fraction,light,34,0.16666666666666666,79,0.15520628683693516,0.011460379829731498
3,0.50,train_fraction,dark,51,0.25,132,0.2593320235756385,0.009332023575638504
3,0.50,train_fraction,unlabeled,67,0.3284313725490196,169,0.3320235756385069,0.003592203089487267
3,0.50,train_fraction,medium,52,0.2549019607843137,129,0.25343811394891946,0.0014638468353942446
3,0.50,val,light,16,0.1568627450980392,79,0.15520628683693516,0.0016564582611040546
3,0.50,val,dark,32,0.3137254901960784,132,0.2593320235756385,0.05439346662043992
3,0.50,val,unlabeled,31,0.30392156862745096,169,0.3320235756385069,0.02810200701105592
3,0.50,val,medium,23,0.22549019607843138,129,0.25343811394891946,0.027947917870488087
3,1.00,overall,light,79,0.15520628683693516,79,0.15520628683693516,0.0
3,1.00,overall,dark,132,0.2593320235756385,132,0.2593320235756385,0.0
3,1.00,overall,unlabeled,169,0.3320235756385069,169,0.3320235756385069,0.0
3,1.00,overall,medium,129,0.25343811394891946,129,0.25343811394891946,0.0
3,1.00,train_pool,light,63,0.1547911547911548,79,0.15520628683693516,0.0004151320457803642
3,1.00,train_pool,dark,100,0.2457002457002457,132,0.2593320235756385,0.013631777875392798
3,1.00,train_pool,unlabeled,138,0.33906633906633904,169,0.3320235756385069,0.007042763427832166
3,1.00,train_pool,medium,106,0.26044226044226043,129,0.25343811394891946,0.007004146493340968
3,1.00,train_fraction,light,63,0.1547911547911548,79,0.15520628683693516,0.0004151320457803642
3,1.00,train_fraction,dark,100,0.2457002457002457,132,0.2593320235756385,0.013631777875392798
3,1.00,train_fraction,unlabeled,138,0.33906633906633904,169,0.3320235756385069,0.007042763427832166
3,1.00,train_fraction,medium,106,0.26044226044226043,129,0.25343811394891946,0.007004146493340968
3,1.00,val,light,16,0.1568627450980392,79,0.15520628683693516,0.0016564582611040546
3,1.00,val,dark,32,0.3137254901960784,132,0.2593320235756385,0.05439346662043992
3,1.00,val,unlabeled,31,0.30392156862745096,169,0.3320235756385069,0.02810200701105592
3,1.00,val,medium,23,0.22549019607843138,129,0.25343811394891946,0.027947917870488087
4,0.05,overall,light,79,0.15520628683693516,79,0.15520628683693516,0.0
4,0.05,overall,dark,132,0.2593320235756385,132,0.2593320235756385,0.0
4,0.05,overall,unlabeled,169,0.3320235756385069,169,0.3320235756385069,0.0
4,0.05,overall,medium,129,0.25343811394891946,129,0.25343811394891946,0.0
4,0.05,train_pool,light,65,0.15931372549019607,79,0.15520628683693516,0.004107438653260909
4,0.05,train_pool,dark,101,0.24754901960784315,132,0.2593320235756385,0.011783003967795358
4,0.05,train_pool,unlabeled,133,0.32598039215686275,169,0.3320235756385069,0.006043183481644121
4,0.05,train_pool,medium,109,0.26715686274509803,129,0.25343811394891946,0.01371874879617857
4,0.05,train_fraction,light,3,0.15,79,0.15520628683693516,0.0052062868369351645
4,0.05,train_fraction,dark,6,0.3,132,0.2593320235756385,0.040667976424361485
4,0.05,train_fraction,unlabeled,7,0.35,169,0.3320235756385069,0.017976424361493104
4,0.05,train_fraction,medium,4,0.2,129,0.25343811394891946,0.05343811394891945
4,0.05,val,light,14,0.13861386138613863,79,0.15520628683693516,0.016592425450796533
4,0.05,val,dark,31,0.3069306930693069,132,0.2593320235756385,0.04759866949366842
4,0.05,val,unlabeled,36,0.3564356435643564,169,0.3320235756385069,0.024412067925849545
4,0.05,val,medium,20,0.19801980198019803,129,0.25343811394891946,0.055418311968721434
4,0.10,overall,light,79,0.15520628683693516,79,0.15520628683693516,0.0
4,0.10,overall,dark,132,0.2593320235756385,132,0.2593320235756385,0.0
4,0.10,overall,unlabeled,169,0.3320235756385069,169,0.3320235756385069,0.0
4,0.10,overall,medium,129,0.25343811394891946,129,0.25343811394891946,0.0
4,0.10,train_pool,light,65,0.15931372549019607,79,0.15520628683693516,0.004107438653260909
4,0.10,train_pool,dark,101,0.24754901960784315,132,0.2593320235756385,0.011783003967795358
4,0.10,train_pool,unlabeled,133,0.32598039215686275,169,0.3320235756385069,0.006043183481644121
4,0.10,train_pool,medium,109,0.26715686274509803,129,0.25343811394891946,0.01371874879617857
4,0.10,train_fraction,light,7,0.17073170731707318,79,0.15520628683693516,0.015525420480138025
4,0.10,train_fraction,dark,11,0.2682926829268293,132,0.2593320235756385,0.00896065935119078
4,0.10,train_fraction,unlabeled,13,0.3170731707317073,169,0.3320235756385069,0.014950404906799553
4,0.10,train_fraction,medium,10,0.24390243902439024,129,0.25343811394891946,0.009535674924529225
4,0.10,val,light,14,0.13861386138613863,79,0.15520628683693516,0.016592425450796533
4,0.10,val,dark,31,0.3069306930693069,132,0.2593320235756385,0.04759866949366842
4,0.10,val,unlabeled,36,0.3564356435643564,169,0.3320235756385069,0.024412067925849545
4,0.10,val,medium,20,0.19801980198019803,129,0.25343811394891946,0.055418311968721434
4,0.25,overall,light,79,0.15520628683693516,79,0.15520628683693516,0.0
4,0.25,overall,dark,132,0.2593320235756385,132,0.2593320235756385,0.0
4,0.25,overall,unlabeled,169,0.3320235756385069,169,0.3320235756385069,0.0
4,0.25,overall,medium,129,0.25343811394891946,129,0.25343811394891946,0.0
4,0.25,train_pool,light,65,0.15931372549019607,79,0.15520628683693516,0.004107438653260909
4,0.25,train_pool,dark,101,0.24754901960784315,132,0.2593320235756385,0.011783003967795358
4,0.25,train_pool,unlabeled,133,0.32598039215686275,169,0.3320235756385069,0.006043183481644121
4,0.25,train_pool,medium,109,0.26715686274509803,129,0.25343811394891946,0.01371874879617857
4,0.25,train_fraction,light,17,0.16666666666666666,79,0.15520628683693516,0.011460379829731498
4,0.25,train_fraction,dark,30,0.29411764705882354,132,0.2593320235756385,0.034785623483185035
4,0.25,train_fraction,unlabeled,29,0.28431372549019607,169,0.3320235756385069,0.047709850148310806
4,0.25,train_fraction,medium,26,0.2549019607843137,129,0.25343811394891946,0.0014638468353942446
4,0.25,val,light,14,0.13861386138613863,79,0.15520628683693516,0.016592425450796533
4,0.25,val,dark,31,0.3069306930693069,132,0.2593320235756385,0.04759866949366842
4,0.25,val,unlabeled,36,0.3564356435643564,169,0.3320235756385069,0.024412067925849545
4,0.25,val,medium,20,0.19801980198019803,129,0.25343811394891946,0.055418311968721434
4,0.50,overall,light,79,0.15520628683693516,79,0.15520628683693516,0.0
4,0.50,overall,dark,132,0.2593320235756385,132,0.2593320235756385,0.0
4,0.50,overall,unlabeled,169,0.3320235756385069,169,0.3320235756385069,0.0
4,0.50,overall,medium,129,0.25343811394891946,129,0.25343811394891946,0.0
4,0.50,train_pool,light,65,0.15931372549019607,79,0.15520628683693516,0.004107438653260909
4,0.50,train_pool,dark,101,0.24754901960784315,132,0.2593320235756385,0.011783003967795358
4,0.50,train_pool,unlabeled,133,0.32598039215686275,169,0.3320235756385069,0.006043183481644121
4,0.50,train_pool,medium,109,0.26715686274509803,129,0.25343811394891946,0.01371874879617857
4,0.50,train_fraction,light,34,0.16666666666666666,79,0.15520628683693516,0.011460379829731498
4,0.50,train_fraction,dark,49,0.24019607843137256,132,0.2593320235756385,0.019135945144265948
4,0.50,train_fraction,unlabeled,66,0.3235294117647059,169,0.3320235756385069,0.008494163873800975
4,0.50,train_fraction,medium,55,0.2696078431372549,129,0.25343811394891946,0.016169729188335424
4,0.50,val,light,14,0.13861386138613863,79,0.15520628683693516,0.016592425450796533
4,0.50,val,dark,31,0.3069306930693069,132,0.2593320235756385,0.04759866949366842
4,0.50,val,unlabeled,36,0.3564356435643564,169,0.3320235756385069,0.024412067925849545
4,0.50,val,medium,20,0.19801980198019803,129,0.25343811394891946,0.055418311968721434
4,1.00,overall,light,79,0.15520628683693516,79,0.15520628683693516,0.0
4,1.00,overall,dark,132,0.2593320235756385,132,0.2593320235756385,0.0
4,1.00,overall,unlabeled,169,0.3320235756385069,169,0.3320235756385069,0.0
4,1.00,overall,medium,129,0.25343811394891946,129,0.25343811394891946,0.0
4,1.00,train_pool,light,65,0.15931372549019607,79,0.15520628683693516,0.004107438653260909
4,1.00,train_pool,dark,101,0.24754901960784315,132,0.2593320235756385,0.011783003967795358
4,1.00,train_pool,unlabeled,133,0.32598039215686275,169,0.3320235756385069,0.006043183481644121
4,1.00,train_pool,medium,109,0.26715686274509803,129,0.25343811394891946,0.01371874879617857
4,1.00,train_fraction,light,65,0.15931372549019607,79,0.15520628683693516,0.004107438653260909
4,1.00,train_fraction,dark,101,0.24754901960784315,132,0.2593320235756385,0.011783003967795358
4,1.00,train_fraction,unlabeled,133,0.32598039215686275,169,0.3320235756385069,0.006043183481644121
4,1.00,train_fraction,medium,109,0.26715686274509803,129,0.25343811394891946,0.01371874879617857
4,1.00,val,light,14,0.13861386138613863,79,0.15520628683693516,0.016592425450796533
4,1.00,val,dark,31,0.3069306930693069,132,0.2593320235756385,0.04759866949366842
4,1.00,val,unlabeled,36,0.3564356435643564,169,0.3320235756385069,0.024412067925849545
4,1.00,val,medium,20,0.19801980198019803,129,0.25343811394891946,0.055418311968721434
